day_of_week,month,stock,sales_last_week,promotion,demand
6,7,212,286,0,189.0
3,10,881,293,0,195.0
4,3,842,212,0,123.0
6,1,841,256,1,219.0
2,5,573,299,1,217.0
4,4,835,273,1,219.0
4,10,320,223,0,101.0
6,8,541,209,1,172.0
1,1,257,88,0,47.0
2,10,588,182,0,112.0
6,1,633,78,1,89.0
2,12,109,96,1,130.0
2,4,479,110,0,78.0
4,8,706,17,0,-1.0
3,5,654,209,1,177.0
2,2,358,96,1,122.0
5,6,569,52,1,43.0
4,5,640,118,1,95.0
1,2,76,161,0,82.0
3,11,735,26,1,64.0
5,11,611,142,1,146.0
5,11,248,157,1,185.0
1,3,436,286,0,201.0
3,9,398,241,0,147.0
4,7,989,237,0,136.0
0,7,742,148,0,105.0
3,11,585,220,1,155.0
1,6,877,37,0,1.0
5,8,427,60,1,30.0
4,4,948,270,1,181.0
3,8,965,270,1,187.0
0,4,607,17,1,80.0
0,8,576,147,0,33.0
2,9,202,47,0,20.0
2,3,783,120,0,84.0
6,3,255,229,1,186.0
1,11,504,232,1,238.0
3,2,322,145,1,130.0
3,10,943,265,1,206.0
6,3,285,58,1,38.0
5,3,901,87,0,32.0
5,5,789,114,1,73.0
6,5,570,178,0,118.0
5,2,727,226,1,183.0
2,12,993,128,1,153.0
3,10,880,199,0,102.0
6,6,775,264,0,139.0
3,5,550,275,1,209.0
0,6,166,158,1,121.0
2,1,435,173,1,123.0
4,5,393,149,1,119.0
2,9,633,267,0,147.0
6,12,444,278,1,219.0
4,10,113,190,0,89.0
0,2,766,169,1,150.0
6,1,770,297,0,209.0
1,10,121,297,0,177.0
3,11,838,235,1,215.0
0,9,323,20,0,23.0
3,10,369,19,1,59.0
5,9,387,280,0,151.0
1,9,415,282,1,244.0
1,6,544,192,0,100.0
0,8,656,162,1,150.0
1,11,215,133,1,160.0
4,1,593,123,0,35.0
1,10,60,287,0,165.0
3,4,350,222,0,134.0
3,1,778,181,0,111.0
6,8,850,297,1,224.0
3,1,151,183,0,125.0
6,3,474,122,1,113.0
3,4,441,131,0,86.0
4,8,828,41,1,64.0
6,6,263,231,1,158.0
2,10,740,128,1,117.0
5,12,137,48,1,114.0
0,7,602,277,0,188.0
3,8,450,242,0,156.0
1,2,637,27,1,83.0
3,10,938,158,0,103.0
1,11,95,158,0,142.0
5,8,721,135,1,140.0
5,3,512,247,0,144.0
5,7,641,144,0,101.0
1,3,359,160,0,77.0
3,7,135,245,1,194.0
5,11,141,233,0,181.0
4,12,709,212,1,218.0
6,2,722,265,0,175.0
1,10,763,95,0,78.0
1,6,985,159,0,93.0
3,3,977,244,1,179.0
1,3,291,31,1,53.0
1,9,914,294,0,182.0
5,7,51,278,1,171.0
3,5,274,267,0,187.0
5,12,850,38,1,94.0
6,10,794,222,1,165.0
6,7,975,292,0,125.0
5,9,978,59,0,35.0
6,1,638,104,0,58.0
3,7,165,97,0,40.0
0,6,715,53,1,58.0
5,10,967,287,1,212.0
4,12,152,180,1,166.0
4,9,243,198,0,130.0
1,1,215,193,0,101.0
6,4,920,12,1,50.0
4,9,139,200,0,144.0
1,4,735,127,1,115.0
0,10,171,28,1,64.0
3,3,192,32,1,65.0
3,9,155,39,1,64.0
3,2,936,117,1,109.0
4,4,477,290,0,163.0
0,6,354,137,0,85.0
4,2,921,238,0,137.0
6,8,366,120,1,143.0
4,8,684,145,1,143.0
0,1,951,195,1,128.0
0,12,58,153,1,134.0
6,3,823,81,0,46.0
0,10,122,138,0,75.0
0,9,408,270,1,198.0
3,5,272,12,1,60.0
6,6,465,113,1,114.0
2,4,602,233,0,146.0
2,10,419,19,0,40.0
0,2,765,240,0,116.0
2,11,313,228,1,209.0
2,8,889,75,1,73.0
0,11,739,121,0,131.0
2,6,909,22,1,9.0
4,5,367,95,0,14.0
1,9,133,243,1,192.0
6,1,367,99,0,82.0
1,5,160,63,1,93.0
0,6,300,21,0,-3.0
3,5,432,218,0,161.0
6,6,56,23,0,-11.0
0,6,508,130,0,104.0
3,7,133,29,0,-5.0
1,4,257,84,0,43.0
0,11,949,252,1,234.0
6,8,439,232,1,150.0
6,7,363,79,1,117.0
5,9,71,220,0,125.0
4,7,459,110,0,69.0
2,3,944,195,1,180.0
3,3,564,141,0,69.0
5,8,176,120,0,93.0
2,5,858,141,0,117.0
2,4,749,29,0,4.0
0,8,923,33,0,47.0
2,6,63,236,1,146.0
4,2,61,163,1,146.0
6,4,136,239,1,159.0
5,12,573,211,1,215.0
2,11,958,47,1,115.0
0,4,586,269,0,203.0
4,6,350,197,0,147.0
1,6,292,66,0,36.0
6,1,171,29,0,-4.0
6,8,196,282,1,221.0
5,6,616,128,1,116.0
6,3,799,80,1,119.0
2,9,405,13,0,-36.0
0,2,734,230,1,222.0
6,11,953,23,0,54.0
6,8,782,12,1,31.0
1,10,680,225,1,190.0
1,3,358,238,0,169.0
3,12,744,195,0,149.0
4,5,337,64,1,43.0
2,6,356,263,1,192.0
6,10,861,33,0,41.0
6,6,643,171,1,153.0
0,4,963,167,1,137.0
3,3,772,91,0,81.0
4,4,711,168,1,156.0
3,1,598,197,0,135.0
5,4,401,69,1,73.0
4,1,361,220,0,122.0
6,12,922,161,1,133.0
6,1,108,118,0,66.0
4,10,692,85,1,110.0
6,6,973,39,0,19.0
2,5,763,126,1,125.0
4,11,804,201,1,213.0
3,4,84,28,1,64.0
4,11,494,182,1,189.0
6,3,142,237,1,155.0
2,1,999,192,1,149.0
2,6,256,122,1,148.0
5,2,402,192,1,157.0
3,8,952,155,1,171.0
1,10,381,125,0,61.0
1,5,866,122,0,78.0
4,7,911,260,1,188.0
5,10,774,260,0,168.0
0,12,208,127,1,164.0
4,2,73,170,1,154.0
5,8,453,207,0,145.0
3,2,854,269,1,201.0
3,4,565,157,1,130.0
3,1,781,249,0,114.0
3,5,413,56,0,46.0
3,9,431,207,1,168.0
5,1,581,56,0,32.0
5,9,201,87,0,48.0
2,11,611,133,1,149.0
1,8,738,84,0,46.0
6,6,996,146,0,77.0
3,7,657,99,1,104.0
0,3,666,70,0,52.0
6,1,469,147,0,73.0
5,5,299,59,1,67.0
0,12,166,268,1,227.0
0,12,915,116,1,140.0
0,2,561,122,0,71.0
2,5,789,263,1,211.0
5,8,627,127,1,83.0
0,11,384,207,0,125.0
3,9,467,60,1,80.0
4,2,981,254,1,180.0
0,12,823,44,1,114.0
2,3,344,78,1,110.0
6,3,987,58,0,39.0
5,1,804,83,1,68.0
2,8,420,201,1,182.0
0,6,235,270,0,166.0
5,12,295,79,1,88.0
4,8,686,99,0,31.0
0,11,317,269,0,222.0
2,9,692,135,0,108.0
1,5,286,240,1,134.0
3,12,579,138,0,86.0
6,3,601,289,0,196.0
2,5,70,109,0,65.0
5,5,960,191,1,169.0
0,5,786,183,1,149.0
3,3,916,197,1,171.0
0,11,843,66,1,110.0
5,10,569,40,1,55.0
0,4,149,93,1,117.0
1,9,801,161,1,141.0
3,10,527,45,0,40.0
3,9,648,222,0,136.0
5,2,347,115,0,59.0
6,8,989,229,0,170.0
1,8,575,172,1,150.0
2,7,383,229,0,130.0
0,8,51,279,0,193.0
4,3,424,129,0,51.0
0,6,342,191,0,159.0
0,1,886,115,1,105.0
2,7,983,226,1,150.0
0,1,602,214,1,207.0
1,9,367,79,0,38.0
1,1,551,53,1,77.0
3,1,877,237,0,157.0
5,7,430,193,1,179.0
6,2,672,116,1,116.0
4,5,63,93,1,83.0
0,8,553,259,1,200.0
0,8,280,30,1,50.0
2,3,133,205,0,128.0
5,7,179,187,1,185.0
1,3,792,16,0,25.0
4,6,887,79,0,52.0
3,6,194,136,0,96.0
1,3,940,169,0,118.0
5,7,906,257,0,133.0
6,3,77,212,1,168.0
3,8,115,157,1,185.0
6,10,212,152,1,155.0
2,4,278,208,1,155.0
2,1,310,163,0,86.0
0,4,498,151,1,118.0
6,7,473,174,1,162.0
5,11,509,30,0,80.0
4,4,725,91,0,66.0
3,6,350,78,1,90.0
1,9,968,140,1,115.0
5,1,352,96,0,64.0
5,5,336,227,1,160.0
2,11,444,170,1,133.0
6,7,59,187,1,185.0
0,1,756,126,1,95.0
0,4,679,205,0,117.0
3,6,319,95,0,70.0
2,2,641,298,0,207.0
5,10,654,90,1,99.0
4,5,827,161,1,113.0
2,11,893,70,1,106.0
3,10,911,70,1,68.0
3,1,410,37,1,61.0
2,6,306,52,0,56.0
3,6,182,178,1,96.0
2,4,325,95,1,89.0
1,8,825,186,0,102.0
2,4,732,26,1,30.0
6,8,562,107,0,76.0
2,8,362,207,0,96.0
3,5,625,107,0,38.0
6,4,935,74,0,61.0
3,12,333,14,0,68.0
0,2,170,11,1,45.0
0,11,156,31,0,24.0
6,3,982,121,0,58.0
1,3,736,66,1,100.0
0,4,253,75,1,87.0
2,4,214,107,0,62.0
3,10,354,153,1,138.0
0,11,546,134,1,150.0
0,11,681,176,0,167.0
1,5,605,95,0,42.0
6,4,873,85,1,74.0
6,11,205,68,0,43.0
5,10,416,147,0,77.0
1,8,768,108,1,83.0
2,6,951,201,0,125.0
6,6,669,252,0,152.0
3,8,300,58,0,13.0
1,7,965,41,0,36.0
0,10,931,286,0,202.0
3,11,383,29,1,95.0
3,12,691,163,1,117.0
0,10,560,77,0,86.0
1,8,342,223,1,189.0
0,2,69,152,0,130.0
5,9,331,241,0,166.0
3,1,846,222,0,159.0
4,8,50,88,0,57.0
4,12,168,223,0,159.0
2,11,84,125,1,152.0
6,12,247,101,1,116.0
0,12,534,279,0,206.0
0,4,806,177,1,94.0
2,4,108,67,0,41.0
2,5,886,293,1,243.0
2,8,210,35,0,23.0
3,5,740,75,1,120.0
5,8,255,257,0,149.0
0,10,61,263,0,178.0
3,1,539,53,1,54.0
2,12,325,106,1,153.0
0,10,742,51,0,35.0
3,9,291,236,1,177.0
5,6,265,271,0,111.0
3,3,300,176,1,141.0
5,8,860,288,1,217.0
2,9,175,98,0,75.0
5,6,266,187,1,183.0
0,11,355,206,1,234.0
2,7,846,276,0,191.0
0,1,234,277,1,195.0
4,5,88,83,0,44.0
1,5,272,17,0,25.0
5,10,233,173,0,114.0
1,4,544,94,0,89.0
1,6,476,81,0,98.0
5,7,227,64,1,124.0
2,9,968,56,0,63.0
4,1,477,247,0,159.0
0,6,343,113,1,135.0
3,7,901,219,1,205.0
0,3,200,51,1,68.0
3,8,433,277,0,156.0
0,5,687,272,0,148.0
5,9,862,268,0,143.0
4,5,357,292,1,188.0
3,9,385,123,0,79.0
6,10,995,49,1,49.0
2,4,795,229,0,122.0
0,9,941,138,1,137.0
0,5,424,17,0,14.0
3,10,57,110,0,75.0
2,9,390,185,0,138.0
2,3,178,116,1,127.0
5,4,825,110,1,136.0
6,9,718,269,0,163.0
5,10,401,255,0,185.0
5,11,407,284,0,208.0
5,6,566,41,1,68.0
5,2,544,146,0,117.0
5,7,135,21,0,-5.0
4,2,224,25,0,55.0
2,11,851,138,0,107.0
5,2,242,72,1,59.0
2,11,360,118,1,154.0
2,1,168,30,0,10.0
1,11,267,167,0,171.0
4,11,476,278,1,228.0
5,12,463,171,1,179.0
0,11,163,269,0,163.0
3,3,194,111,1,123.0
6,6,587,232,1,164.0
0,8,697,68,0,55.0
4,9,352,256,1,185.0
3,7,793,137,1,81.0
4,4,930,292,0,178.0
2,6,637,34,0,22.0
3,5,889,140,1,142.0
2,8,394,205,0,154.0
0,1,863,290,1,252.0
0,1,850,163,0,115.0
3,11,50,142,1,161.0
3,6,196,236,0,113.0
5,10,336,198,1,163.0
4,12,703,274,1,239.0
5,2,102,143,1,122.0
4,5,353,220,0,145.0
5,1,118,69,0,64.0
2,7,410,222,1,157.0
3,1,651,225,1,158.0
0,4,269,235,0,138.0
4,9,753,140,0,72.0
4,1,624,85,0,18.0
0,4,634,295,0,157.0
5,6,210,286,0,147.0
4,6,730,165,0,123.0
6,12,138,257,1,258.0
2,8,737,227,0,114.0
3,1,830,199,1,170.0
0,7,634,172,0,121.0
3,1,806,189,0,84.0
6,7,638,43,1,69.0
4,3,208,50,1,121.0
4,11,538,84,0,94.0
6,8,373,288,1,208.0
0,3,659,185,1,140.0
2,1,430,159,1,95.0
1,8,151,282,1,219.0
0,3,543,117,0,109.0
1,2,693,148,1,113.0
6,1,663,280,0,129.0
5,3,68,298,0,166.0
1,2,503,221,0,150.0
2,2,531,281,0,160.0
5,6,643,75,1,69.0
1,12,446,257,1,225.0
6,1,328,165,0,104.0
5,2,900,56,0,6.0
6,6,414,210,0,122.0
1,3,380,157,0,84.0
6,4,690,133,1,107.0
2,1,393,10,0,-14.0
1,8,871,256,1,212.0
1,7,504,137,0,69.0
1,7,650,200,0,80.0
0,3,774,76,0,51.0
0,10,704,13,0,22.0
0,10,114,152,1,115.0
2,3,125,200,1,149.0
5,2,760,30,1,45.0
6,12,192,236,0,165.0
4,1,966,126,0,98.0
1,7,964,151,1,128.0
6,7,877,48,1,86.0
1,12,654,261,0,167.0
2,2,522,216,0,122.0
1,7,466,219,1,190.0
0,8,354,124,0,58.0
4,1,785,234,0,161.0
3,9,546,143,1,113.0
1,7,340,260,0,150.0
6,3,989,228,1,210.0
0,8,151,100,0,51.0
3,7,316,55,1,76.0
4,11,916,47,0,71.0
3,8,671,151,1,135.0
0,6,891,109,1,111.0
5,9,991,199,1,158.0
5,5,826,44,1,40.0
3,3,52,156,0,101.0
2,3,134,39,0,9.0
6,1,843,93,1,111.0
6,12,377,290,0,231.0
3,8,865,279,0,131.0
1,2,499,163,0,125.0
1,3,503,111,0,58.0
6,8,973,224,0,132.0
6,8,678,159,1,117.0
5,11,270,92,1,129.0
2,4,203,119,1,113.0
0,4,714,284,1,232.0
1,5,61,210,0,111.0
6,6,182,293,0,209.0
5,5,353,182,1,162.0
4,7,342,215,0,131.0
5,2,349,72,0,40.0
1,7,789,82,1,83.0
1,10,832,260,0,151.0
5,7,92,133,1,123.0
0,1,993,130,1,114.0
3,7,392,284,0,158.0
1,5,375,129,0,81.0
5,3,863,173,1,127.0
6,3,547,295,1,223.0
5,4,413,274,0,160.0
2,12,940,170,1,186.0
3,2,476,98,1,119.0
4,2,70,151,1,150.0
0,1,456,212,0,134.0
4,5,668,236,1,190.0
3,4,385,231,0,132.0
3,11,864,50,1,114.0
3,10,166,205,0,139.0
4,2,173,77,1,55.0
6,3,448,273,0,171.0
3,7,842,11,0,34.0
5,7,853,134,0,73.0
4,12,764,119,1,130.0
3,4,100,95,1,89.0
5,5,832,129,1,87.0
6,5,373,136,0,84.0
2,6,838,264,1,199.0
6,9,190,192,0,119.0
3,2,519,25,1,63.0
4,5,836,71,0,27.0
1,12,851,167,0,136.0
3,3,383,277,0,175.0
1,4,942,44,1,57.0
5,10,422,276,1,214.0
2,6,613,73,1,85.0
0,12,543,59,0,53.0
6,8,588,264,0,164.0
2,1,718,158,1,129.0
3,10,800,285,1,225.0
1,8,205,181,1,144.0
6,11,340,210,0,130.0
1,7,697,44,0,32.0
4,1,193,225,0,140.0
1,2,155,74,0,23.0
4,3,469,17,0,25.0
5,1,719,85,1,105.0
6,9,707,183,0,92.0
6,8,51,56,0,20.0
0,2,994,24,0,12.0
3,9,638,156,0,78.0
4,7,693,35,0,34.0
0,9,139,102,1,104.0
1,6,394,241,0,123.0
1,6,399,30,0,2.0
0,11,508,47,0,82.0
6,4,312,285,1,242.0
1,10,400,166,1,150.0
5,10,157,188,1,149.0
5,2,635,141,0,76.0
0,7,88,37,1,73.0
4,5,958,269,0,163.0
4,11,208,85,0,49.0
0,6,632,76,1,106.0
4,2,361,203,0,149.0
6,5,290,171,0,117.0
6,10,987,266,0,138.0
4,4,494,81,1,76.0
5,9,347,96,0,20.0
4,6,85,271,0,195.0
6,2,133,223,1,167.0
2,1,501,162,0,144.0
3,5,935,219,0,171.0
1,9,824,70,1,64.0
2,6,871,277,0,152.0
4,10,434,271,0,172.0
5,12,221,227,0,131.0
0,7,425,292,0,166.0
4,5,734,145,0,76.0
5,10,411,102,1,138.0
3,6,608,118,1,114.0
4,5,940,250,1,184.0
6,11,190,151,1,148.0
0,9,936,246,0,165.0
5,6,967,186,0,102.0
5,11,167,150,0,119.0
5,8,326,198,0,106.0
3,2,775,58,0,4.0
4,12,269,199,1,169.0
3,9,954,145,1,117.0
1,5,75,52,0,26.0
1,7,570,99,0,55.0
4,10,832,254,0,151.0
6,1,59,201,1,151.0
3,10,427,115,0,96.0
0,5,682,242,0,164.0
5,12,686,274,0,192.0
5,10,731,46,1,73.0
4,2,633,50,0,23.0
6,12,201,26,1,29.0
1,6,769,286,1,212.0
1,11,98,68,1,117.0
5,1,203,192,1,123.0
4,3,908,50,1,80.0
3,5,342,48,1,63.0
1,4,629,201,0,127.0
3,3,99,276,0,161.0
6,10,713,156,0,119.0
1,5,580,136,1,126.0
1,11,661,55,0,83.0
2,8,109,54,1,94.0
1,11,216,10,1,54.0
0,4,251,177,1,131.0
4,1,906,117,0,79.0
4,11,195,28,1,79.0
3,7,964,81,1,84.0
6,8,725,118,0,97.0
1,3,488,277,0,160.0
0,6,291,249,1,170.0
3,2,630,99,1,83.0
2,7,736,112,0,111.0
3,8,610,259,0,152.0
3,6,532,17,0,-17.0
1,6,157,162,1,102.0
2,5,275,183,0,97.0
3,8,722,167,0,96.0
0,1,680,224,0,153.0
0,10,710,186,1,169.0
4,4,711,184,0,110.0
2,4,481,155,0,84.0
2,3,854,170,0,109.0
4,3,704,136,0,47.0
3,4,468,91,0,94.0
2,11,504,156,1,177.0
0,1,209,248,1,206.0
0,11,572,93,1,104.0
1,11,699,122,0,129.0
2,2,639,234,1,171.0
3,9,126,252,1,172.0
4,10,558,152,1,130.0
4,2,490,50,0,29.0
3,5,303,267,0,139.0
6,9,970,294,1,199.0
5,9,819,114,1,89.0
1,8,369,211,0,107.0
4,1,852,275,0,157.0
2,1,312,219,1,144.0
1,9,646,60,0,22.0
2,11,707,127,1,167.0
6,8,884,210,0,142.0
0,10,603,48,1,48.0
1,9,423,37,1,81.0
4,7,686,268,0,121.0
1,3,216,93,1,144.0
1,3,986,164,1,164.0
1,2,802,126,1,104.0
5,5,508,11,0,14.0
1,12,329,102,0,63.0
2,12,749,175,0,136.0
0,3,351,267,1,197.0
6,6,580,90,0,37.0
3,2,629,277,1,197.0
1,12,267,244,1,205.0
4,3,151,222,0,111.0
1,5,603,71,0,25.0
4,12,337,58,1,76.0
2,11,216,136,1,169.0
4,11,670,232,0,151.0
3,1,85,288,0,148.0
0,1,793,293,0,193.0
4,10,790,286,1,219.0
4,9,402,116,1,126.0
0,7,725,155,1,151.0
3,1,948,108,1,144.0
1,12,122,82,1,116.0
4,8,697,131,0,49.0
0,3,402,39,0,29.0
2,8,940,197,1,145.0
0,5,119,297,1,199.0
2,1,474,204,0,124.0
3,7,757,165,0,116.0
1,5,830,181,0,92.0
0,6,610,50,0,55.0
6,6,877,72,1,63.0
6,8,691,32,0,14.0
5,9,566,84,1,98.0
4,2,477,57,0,26.0
3,9,588,169,0,66.0
0,12,209,127,0,125.0
6,11,198,109,1,123.0
4,10,825,176,1,160.0
6,9,279,299,0,154.0
0,10,761,165,1,117.0
2,10,611,16,1,67.0
0,7,116,205,0,130.0
5,1,861,65,0,30.0
0,7,430,202,1,168.0
0,10,107,56,1,55.0
5,5,308,157,1,136.0
3,6,391,284,0,173.0
0,10,887,166,0,92.0
5,7,179,211,1,150.0
4,5,776,135,0,82.0
2,7,221,73,0,43.0
2,9,819,185,1,142.0
0,3,663,125,1,94.0
3,8,258,213,0,128.0
3,2,852,40,0,15.0
4,11,403,122,1,123.0
0,7,520,76,0,46.0
2,2,847,84,0,83.0
3,4,165,54,1,65.0
0,7,313,269,1,231.0
6,3,711,163,0,140.0
3,2,861,164,0,79.0
5,11,491,243,0,176.0
6,10,597,60,1,118.0
3,7,502,271,0,160.0
2,1,894,134,0,81.0
1,8,526,254,1,159.0
6,3,336,39,1,53.0
4,12,352,131,0,120.0
4,12,360,134,1,199.0
2,2,257,46,1,64.0
3,3,667,179,0,74.0
0,5,495,133,1,92.0
3,11,719,44,1,96.0
2,8,682,96,0,81.0
4,10,104,143,1,139.0
3,7,961,205,0,132.0
4,7,61,283,0,196.0
6,12,706,210,1,182.0
0,7,449,294,1,217.0
6,8,957,86,1,81.0
4,1,697,68,0,35.0
4,4,564,135,1,101.0
1,6,705,118,0,64.0
1,9,591,233,1,179.0
6,2,286,287,1,205.0
5,1,328,77,1,83.0
6,10,397,78,0,55.0
1,12,676,174,1,199.0
4,2,153,171,1,169.0
2,7,679,51,0,46.0
6,3,566,118,0,46.0
4,10,921,60,1,69.0
2,2,297,259,1,190.0
2,11,413,30,1,75.0
1,7,370,148,0,96.0
6,2,682,101,0,29.0
3,3,335,289,0,207.0
0,11,198,134,0,134.0
1,7,133,120,1,122.0
1,4,455,148,0,88.0
3,1,505,282,0,194.0
0,5,792,108,0,79.0
4,12,849,261,1,249.0
5,9,210,113,1,107.0
6,8,833,223,0,170.0
5,12,509,258,0,208.0
4,9,599,161,1,147.0
1,10,549,259,1,221.0
0,9,787,284,1,202.0
1,7,558,174,1,121.0
2,4,703,17,1,57.0
1,5,853,293,1,215.0
1,1,530,14,1,44.0
4,1,712,154,1,157.0
4,3,163,110,0,69.0
4,8,798,173,0,109.0
5,2,627,156,0,87.0
2,4,410,73,0,61.0
4,2,390,100,0,74.0
0,5,819,126,0,93.0
5,9,810,276,1,196.0
3,1,498,182,1,175.0
0,5,892,56,0,70.0
6,9,884,149,0,106.0
6,1,229,255,1,177.0
0,9,751,158,1,119.0
4,8,456,255,1,185.0
3,4,715,14,0,-3.0
3,12,245,193,1,184.0
5,11,515,29,0,60.0
3,10,360,55,0,39.0
6,5,311,21,1,57.0
2,5,468,79,1,83.0
4,11,455,26,0,44.0
3,12,988,156,1,180.0
5,6,192,163,1,98.0
6,7,391,117,0,70.0
2,8,365,245,1,193.0
1,8,150,79,0,63.0
1,11,293,192,0,125.0
2,2,539,259,1,174.0
6,9,61,237,0,154.0
5,7,288,111,0,29.0
2,4,610,84,1,117.0
4,4,91,225,1,180.0
4,11,727,212,1,228.0
1,8,643,201,0,99.0
3,4,478,258,0,146.0
5,6,852,251,1,142.0
1,5,207,188,0,97.0
3,3,265,228,1,173.0
3,10,719,91,1,55.0
4,11,511,101,0,83.0
6,2,183,184,1,111.0
0,9,116,248,0,144.0
6,10,897,269,0,184.0
0,9,56,172,1,143.0
2,1,997,57,0,67.0
4,10,575,125,1,131.0
3,3,122,234,0,167.0
5,8,448,156,0,78.0
0,6,454,72,0,27.0
6,5,724,22,1,60.0
3,5,627,198,0,87.0
0,6,908,296,1,227.0
0,7,179,217,0,124.0
0,1,980,123,0,100.0
5,9,515,31,1,72.0
4,3,255,223,1,196.0
5,4,837,180,1,133.0
1,10,817,63,1,99.0
3,1,315,135,1,150.0
4,11,586,286,0,201.0
4,10,842,213,0,113.0
4,3,302,203,1,147.0
6,2,871,178,0,132.0
4,2,338,161,0,150.0
5,1,213,44,0,7.0
4,8,144,193,1,135.0
2,3,831,295,0,195.0
3,3,882,66,0,25.0
4,6,159,231,0,159.0
3,8,385,172,1,153.0
2,9,871,28,0,16.0
2,9,287,273,0,173.0
3,4,430,291,1,222.0
0,5,485,122,1,110.0
1,2,948,39,0,-12.0
6,11,532,144,0,120.0
0,9,986,76,1,117.0
0,8,951,74,1,52.0
5,3,74,34,1,41.0
6,11,702,46,1,106.0
6,12,166,10,1,77.0
0,9,531,46,1,76.0
4,3,441,150,1,116.0
5,9,966,241,0,168.0
5,2,586,145,1,128.0
2,12,128,197,1,202.0
6,10,629,137,0,89.0
0,9,222,210,1,170.0
2,8,61,136,1,134.0
3,9,849,266,0,163.0
1,5,177,173,1,120.0
5,11,657,44,0,78.0
3,11,141,203,0,168.0
3,2,702,200,0,78.0
4,8,592,113,0,55.0
1,12,895,32,1,110.0
3,6,581,274,0,128.0
3,8,707,299,0,198.0
1,11,877,269,1,229.0
1,5,496,84,0,77.0
3,10,439,81,0,49.0
1,2,721,268,0,146.0
3,6,910,197,0,124.0
3,5,92,182,1,149.0
4,12,303,299,0,193.0
0,12,179,54,1,147.0
3,5,109,70,1,63.0
2,1,712,92,0,10.0
5,2,516,132,0,111.0
6,8,336,25,0,3.0
0,3,566,75,0,39.0
0,10,516,154,1,125.0
0,3,979,171,1,131.0
4,8,827,243,1,170.0
3,8,394,153,0,72.0
4,2,691,197,1,159.0
3,8,431,22,0,5.0
4,11,828,193,0,160.0
4,1,739,120,0,82.0
5,6,302,299,0,161.0
2,8,976,224,0,137.0
4,3,105,129,1,109.0
5,8,512,64,1,59.0
1,12,506,36,0,65.0
2,1,132,127,1,114.0
4,11,954,230,0,160.0
6,11,148,240,0,157.0
0,9,198,62,0,17.0
1,11,378,242,1,255.0
1,9,205,167,0,107.0
5,5,239,278,0,145.0
1,10,543,30,1,64.0
2,4,932,62,1,98.0
4,11,312,284,1,244.0
4,6,129,290,0,201.0
6,12,449,223,0,133.0
0,7,813,40,1,24.0
5,5,658,192,0,120.0
0,11,309,32,1,95.0
1,10,821,41,1,-2.0
6,9,664,83,0,37.0
0,3,601,19,0,-9.0
2,7,834,63,1,50.0
4,10,150,61,1,56.0
1,10,408,157,1,146.0
6,11,429,169,1,151.0
0,5,869,23,0,-6.0
5,7,270,187,1,120.0
2,2,869,62,1,103.0
2,4,469,31,1,67.0
0,2,173,39,0,-26.0
4,12,471,200,0,130.0
0,7,280,269,1,212.0
1,2,739,214,0,154.0
0,11,112,68,0,88.0
2,1,534,273,0,157.0
6,9,677,21,1,14.0
0,1,752,128,1,134.0
4,8,623,299,0,173.0
6,2,817,257,1,196.0
5,12,532,136,1,148.0
3,8,568,84,0,23.0
0,3,204,213,0,135.0
4,6,141,58,1,79.0
6,3,575,88,0,44.0
4,7,504,250,1,199.0
5,10,790,163,1,110.0
2,9,647,283,0,164.0
4,2,694,105,1,104.0
6,12,559,223,1,169.0
4,12,232,218,0,160.0
4,5,435,97,0,73.0
4,6,623,273,0,158.0
1,4,780,166,1,139.0
1,4,454,165,0,110.0
2,4,295,148,0,81.0
0,2,791,130,0,72.0
4,4,640,74,0,21.0
5,11,710,116,1,139.0
0,1,699,156,1,127.0
5,12,520,146,0,128.0
0,6,875,171,1,154.0
2,1,937,109,0,81.0
4,10,472,150,0,80.0
4,6,950,92,1,52.0
3,1,114,186,1,166.0
5,6,62,207,0,133.0
0,10,262,121,0,60.0
0,8,291,65,1,90.0
1,11,542,188,0,114.0
3,2,262,195,1,178.0
6,2,742,227,0,130.0
6,12,387,226,0,149.0
1,4,222,129,1,105.0
1,11,721,184,1,176.0
1,3,213,32,1,59.0
5,4,514,222,1,174.0
5,12,546,244,1,208.0
2,7,749,22,1,57.0
2,11,444,110,1,136.0
1,1,752,33,0,7.0
3,6,966,20,0,-4.0
0,3,357,282,0,181.0
5,11,817,290,1,254.0
3,10,232,103,1,103.0
4,7,678,210,1,184.0
5,10,843,30,0,-21.0
5,2,559,220,1,161.0
2,2,757,149,1,106.0
0,4,595,110,0,111.0
0,1,613,37,1,76.0
6,3,673,50,0,28.0
6,9,813,155,0,109.0
6,7,643,265,1,221.0
6,7,793,236,1,204.0
4,11,276,245,1,235.0
4,4,794,22,0,8.0
5,2,782,219,0,121.0
1,4,485,238,0,124.0
2,6,974,109,1,115.0
2,11,471,40,1,91.0
6,11,603,25,1,77.0
5,3,70,146,1,118.0
3,1,603,175,0,134.0
1,12,446,109,0,114.0
5,8,674,118,0,107.0
1,12,154,182,0,150.0
1,5,241,246,1,189.0
1,5,66,171,1,142.0
5,11,169,225,1,185.0
6,4,442,273,0,139.0
2,6,474,272,0,173.0
2,3,178,283,1,191.0
6,9,179,12,1,51.0
1,5,621,37,0,45.0
3,3,609,158,1,121.0
0,11,78,37,0,92.0
5,1,146,74,0,25.0
0,10,59,30,0,38.0
6,12,291,261,1,235.0
3,6,875,244,1,210.0
5,2,281,236,0,119.0
